distance_bucket,mae
0-1,3.8803776784183746
1-2,3.4162685168763836
2-5,5.1653988456898094
5-10,7.750322195502419
10-20,11.812581071569207
20-50,17.604082892632245
50-100,77.67407776055693
