distance_bucket,mae
0-1,2.008865634309528
1-2,2.787790351185585
2-5,4.161817475437529
5-10,6.710679789086738
10-20,8.64127400529843
20-50,9.491195382012261
50-100,34.26597264607747
